staff_id,amka,first_name,last_name,age,email,phone,hire_date,staff_type
1,10000000001,Μαρία,Γεωργίου,32,doctor1@ygeiopolis.test,2101000001,2011-02-02,DOCTOR
2,10000000002,Νίκος,Νικολάου,33,doctor2@ygeiopolis.test,2101000002,2012-03-03,DOCTOR
3,10000000003,Ελένη,Ιωάννου,34,doctor3@ygeiopolis.test,2101000003,2013-04-04,DOCTOR
4,10000000004,Κώστας,Δημητρίου,35,doctor4@ygeiopolis.test,2101000004,2014-05-05,DOCTOR
5,10000000005,Άννα,Κωνσταντίνου,36,doctor5@ygeiopolis.test,2101000005,2015-06-06,DOCTOR
6,10000000006,Πέτρος,Αθανασίου,37,doctor6@ygeiopolis.test,2101000006,2016-07-07,DOCTOR
7,10000000007,Σοφία,Παναγιώτου,38,doctor7@ygeiopolis.test,2101000007,2017-08-08,DOCTOR
8,10000000008,Δημήτρης,Αλεξίου,39,doctor8@ygeiopolis.test,2101000008,2018-09-09,DOCTOR
9,10000000009,Ιωάννα,Μαρίνου,40,doctor9@ygeiopolis.test,2101000009,2019-10-10,DOCTOR
10,10000000010,Αλέξανδρος,Παπαδόπουλος,41,doctor10@ygeiopolis.test,2101000010,2020-11-11,DOCTOR
11,10000000011,Κατερίνα,Γεωργίου,42,doctor11@ygeiopolis.test,2101000011,2021-12-12,DOCTOR
12,10000000012,Γιώργος,Νικολάου,43,doctor12@ygeiopolis.test,2101000012,2010-01-13,DOCTOR
13,10000000013,Μαρία,Ιωάννου,44,doctor13@ygeiopolis.test,2101000013,2011-02-14,DOCTOR
14,10000000014,Νίκος,Δημητρίου,45,doctor14@ygeiopolis.test,2101000014,2012-03-15,DOCTOR
15,10000000015,Ελένη,Κωνσταντίνου,46,doctor15@ygeiopolis.test,2101000015,2013-04-16,DOCTOR
16,10000000016,Κώστας,Αθανασίου,31,doctor16@ygeiopolis.test,2101000016,2014-05-17,DOCTOR
17,10000000017,Άννα,Παναγιώτου,32,doctor17@ygeiopolis.test,2101000017,2015-06-18,DOCTOR
18,10000000018,Πέτρος,Αλεξίου,33,doctor18@ygeiopolis.test,2101000018,2016-07-19,DOCTOR
19,10000000019,Σοφία,Μαρίνου,34,doctor19@ygeiopolis.test,2101000019,2017-08-20,DOCTOR
20,10000000020,Δημήτρης,Παπαδόπουλος,30,doctor20@ygeiopolis.test,2101000020,2018-09-01,DOCTOR
21,10000000021,Ιωάννα,Γεωργίου,31,doctor21@ygeiopolis.test,2101000021,2019-10-02,DOCTOR
22,10000000022,Αλέξανδρος,Νικολάου,32,doctor22@ygeiopolis.test,2101000022,2020-11-03,DOCTOR
23,10000000023,Κατερίνα,Ιωάννου,33,doctor23@ygeiopolis.test,2101000023,2021-12-04,DOCTOR
24,10000000024,Γιώργος,Δημητρίου,34,doctor24@ygeiopolis.test,2101000024,2010-01-05,DOCTOR
25,10000000025,Μαρία,Κωνσταντίνου,30,doctor25@ygeiopolis.test,2101000025,2011-02-06,DOCTOR
26,10000000026,Νίκος,Αθανασίου,57,doctor26@ygeiopolis.test,2101000026,2012-03-07,DOCTOR
27,10000000027,Ελένη,Παναγιώτου,58,doctor27@ygeiopolis.test,2101000027,2013-04-08,DOCTOR
28,10000000028,Κώστας,Αλεξίου,31,doctor28@ygeiopolis.test,2101000028,2014-05-09,DOCTOR
29,10000000029,Άννα,Μαρίνου,32,doctor29@ygeiopolis.test,2101000029,2015-06-10,DOCTOR
30,10000000030,Πέτρος,Παπαδόπουλος,33,doctor30@ygeiopolis.test,2101000030,2016-07-11,DOCTOR
31,10000000031,Σοφία,Γεωργίου,34,doctor31@ygeiopolis.test,2101000031,2017-08-12,DOCTOR
32,10000000032,Δημήτρης,Νικολάου,35,doctor32@ygeiopolis.test,2101000032,2018-09-13,DOCTOR
33,10000000033,Ιωάννα,Ιωάννου,36,doctor33@ygeiopolis.test,2101000033,2019-10-14,DOCTOR
34,10000000034,Αλέξανδρος,Δημητρίου,37,doctor34@ygeiopolis.test,2101000034,2020-11-15,DOCTOR
35,10000000035,Κατερίνα,Κωνσταντίνου,38,doctor35@ygeiopolis.test,2101000035,2021-12-16,DOCTOR
36,10000000036,Γιώργος,Αθανασίου,39,doctor36@ygeiopolis.test,2101000036,2010-01-17,DOCTOR
37,10000000037,Μαρία,Παναγιώτου,40,doctor37@ygeiopolis.test,2101000037,2011-02-18,DOCTOR
38,10000000038,Νίκος,Αλεξίου,41,doctor38@ygeiopolis.test,2101000038,2012-03-19,DOCTOR
39,10000000039,Ελένη,Μαρίνου,42,doctor39@ygeiopolis.test,2101000039,2013-04-20,DOCTOR
40,10000000040,Κώστας,Παπαδόπουλος,43,doctor40@ygeiopolis.test,2101000040,2014-05-01,DOCTOR
41,10000000041,Άννα,Γεωργίου,44,doctor41@ygeiopolis.test,2101000041,2015-06-02,DOCTOR
42,10000000042,Πέτρος,Νικολάου,45,doctor42@ygeiopolis.test,2101000042,2016-07-03,DOCTOR
43,10000000043,Σοφία,Ιωάννου,46,doctor43@ygeiopolis.test,2101000043,2017-08-04,DOCTOR
44,10000000044,Δημήτρης,Δημητρίου,47,doctor44@ygeiopolis.test,2101000044,2018-09-05,DOCTOR
45,10000000045,Ιωάννα,Κωνσταντίνου,48,doctor45@ygeiopolis.test,2101000045,2019-10-06,DOCTOR
46,10000000046,Αλέξανδρος,Αθανασίου,49,doctor46@ygeiopolis.test,2101000046,2020-11-07,DOCTOR
47,10000000047,Κατερίνα,Παναγιώτου,50,doctor47@ygeiopolis.test,2101000047,2021-12-08,DOCTOR
48,10000000048,Γιώργος,Αλεξίου,51,doctor48@ygeiopolis.test,2101000048,2010-01-09,DOCTOR
49,10000000049,Μαρία,Μαρίνου,52,doctor49@ygeiopolis.test,2101000049,2011-02-10,DOCTOR
50,10000000050,Νίκος,Παπαδόπουλος,53,doctor50@ygeiopolis.test,2101000050,2012-03-11,DOCTOR
51,10000000051,Ελένη,Γεωργίου,54,doctor51@ygeiopolis.test,2101000051,2013-04-12,DOCTOR
52,10000000052,Κώστας,Νικολάου,55,doctor52@ygeiopolis.test,2101000052,2014-05-13,DOCTOR
53,10000000053,Άννα,Ιωάννου,56,doctor53@ygeiopolis.test,2101000053,2015-06-14,DOCTOR
54,10000000054,Πέτρος,Δημητρίου,57,doctor54@ygeiopolis.test,2101000054,2016-07-15,DOCTOR
55,10000000055,Σοφία,Κωνσταντίνου,58,doctor55@ygeiopolis.test,2101000055,2017-08-16,DOCTOR
56,10000000056,Δημήτρης,Αθανασίου,31,doctor56@ygeiopolis.test,2101000056,2018-09-17,DOCTOR
57,10000000057,Ιωάννα,Παναγιώτου,32,doctor57@ygeiopolis.test,2101000057,2019-10-18,DOCTOR
58,10000000058,Αλέξανδρος,Αλεξίου,33,doctor58@ygeiopolis.test,2101000058,2020-11-19,DOCTOR
59,10000000059,Κατερίνα,Μαρίνου,34,doctor59@ygeiopolis.test,2101000059,2021-12-20,DOCTOR
60,10000000060,Γιώργος,Παπαδόπουλος,35,doctor60@ygeiopolis.test,2101000060,2010-01-01,DOCTOR
61,10000000061,Μαρία,Γεωργίου,36,doctor61@ygeiopolis.test,2101000061,2011-02-02,DOCTOR
62,10000000062,Νίκος,Νικολάου,37,doctor62@ygeiopolis.test,2101000062,2012-03-03,DOCTOR
63,10000000063,Ελένη,Ιωάννου,38,doctor63@ygeiopolis.test,2101000063,2013-04-04,DOCTOR
64,10000000064,Κώστας,Δημητρίου,39,doctor64@ygeiopolis.test,2101000064,2014-05-05,DOCTOR
65,10000000065,Άννα,Κωνσταντίνου,40,doctor65@ygeiopolis.test,2101000065,2015-06-06,DOCTOR
66,10000000066,Πέτρος,Αθανασίου,41,doctor66@ygeiopolis.test,2101000066,2016-07-07,DOCTOR
67,10000000067,Σοφία,Παναγιώτου,42,doctor67@ygeiopolis.test,2101000067,2017-08-08,DOCTOR
68,10000000068,Δημήτρης,Αλεξίου,43,doctor68@ygeiopolis.test,2101000068,2018-09-09,DOCTOR
69,10000000069,Ιωάννα,Μαρίνου,44,doctor69@ygeiopolis.test,2101000069,2019-10-10,DOCTOR
70,10000000070,Αλέξανδρος,Παπαδόπουλος,45,doctor70@ygeiopolis.test,2101000070,2020-11-11,DOCTOR
71,10000000071,Κατερίνα,Γεωργίου,46,doctor71@ygeiopolis.test,2101000071,2021-12-12,DOCTOR
72,10000000072,Γιώργος,Νικολάου,47,doctor72@ygeiopolis.test,2101000072,2010-01-13,DOCTOR
73,10000000073,Μαρία,Ιωάννου,48,doctor73@ygeiopolis.test,2101000073,2011-02-14,DOCTOR
74,10000000074,Νίκος,Δημητρίου,49,doctor74@ygeiopolis.test,2101000074,2012-03-15,DOCTOR
75,10000000075,Ελένη,Κωνσταντίνου,50,doctor75@ygeiopolis.test,2101000075,2013-04-16,DOCTOR
76,10000000076,Κώστας,Αθανασίου,51,doctor76@ygeiopolis.test,2101000076,2014-05-17,DOCTOR
77,10000000077,Άννα,Παναγιώτου,52,doctor77@ygeiopolis.test,2101000077,2015-06-18,DOCTOR
78,10000000078,Πέτρος,Αλεξίου,53,doctor78@ygeiopolis.test,2101000078,2016-07-19,DOCTOR
79,10000000079,Σοφία,Μαρίνου,54,doctor79@ygeiopolis.test,2101000079,2017-08-20,DOCTOR
80,10000000080,Δημήτρης,Παπαδόπουλος,55,doctor80@ygeiopolis.test,2101000080,2018-09-01,DOCTOR
81,10000000081,Ιωάννα,Γεωργίου,56,doctor81@ygeiopolis.test,2101000081,2019-10-02,DOCTOR
82,10000000082,Αλέξανδρος,Νικολάου,57,doctor82@ygeiopolis.test,2101000082,2020-11-03,DOCTOR
83,10000000083,Κατερίνα,Ιωάννου,58,doctor83@ygeiopolis.test,2101000083,2021-12-04,DOCTOR
84,10000000084,Γιώργος,Δημητρίου,31,doctor84@ygeiopolis.test,2101000084,2010-01-05,DOCTOR
85,10000000085,Μαρία,Κωνσταντίνου,32,doctor85@ygeiopolis.test,2101000085,2011-02-06,DOCTOR
86,10000000086,Νίκος,Αθανασίου,33,doctor86@ygeiopolis.test,2101000086,2012-03-07,DOCTOR
87,10000000087,Ελένη,Παναγιώτου,34,doctor87@ygeiopolis.test,2101000087,2013-04-08,DOCTOR
88,10000000088,Κώστας,Αλεξίου,35,doctor88@ygeiopolis.test,2101000088,2014-05-09,DOCTOR
89,10000000089,Άννα,Μαρίνου,36,doctor89@ygeiopolis.test,2101000089,2015-06-10,DOCTOR
90,10000000090,Πέτρος,Παπαδόπουλος,37,doctor90@ygeiopolis.test,2101000090,2016-07-11,DOCTOR
91,10000000091,Σοφία,Γεωργίου,38,doctor91@ygeiopolis.test,2101000091,2017-08-12,DOCTOR
92,10000000092,Δημήτρης,Νικολάου,39,doctor92@ygeiopolis.test,2101000092,2018-09-13,DOCTOR
93,10000000093,Ιωάννα,Ιωάννου,40,doctor93@ygeiopolis.test,2101000093,2019-10-14,DOCTOR
94,10000000094,Αλέξανδρος,Δημητρίου,41,doctor94@ygeiopolis.test,2101000094,2020-11-15,DOCTOR
95,10000000095,Κατερίνα,Κωνσταντίνου,42,doctor95@ygeiopolis.test,2101000095,2021-12-16,DOCTOR
96,20000000096,Γιώργος,Αθανασίου,50,nurse96@ygeiopolis.test,2102000096,2020-01-17,NURSE
97,20000000097,Μαρία,Παναγιώτου,51,nurse97@ygeiopolis.test,2102000097,2021-02-18,NURSE
98,20000000098,Νίκος,Αλεξίου,52,nurse98@ygeiopolis.test,2102000098,2022-03-19,NURSE
99,20000000099,Ελένη,Μαρίνου,53,nurse99@ygeiopolis.test,2102000099,2023-04-20,NURSE
100,20000000100,Κώστας,Παπαδόπουλος,54,nurse100@ygeiopolis.test,2102000100,2014-05-01,NURSE
101,20000000101,Άννα,Γεωργίου,55,nurse101@ygeiopolis.test,2102000101,2015-06-02,NURSE
102,20000000102,Πέτρος,Νικολάου,56,nurse102@ygeiopolis.test,2102000102,2016-07-03,NURSE
103,20000000103,Σοφία,Ιωάννου,57,nurse103@ygeiopolis.test,2102000103,2017-08-04,NURSE
104,20000000104,Δημήτρης,Δημητρίου,58,nurse104@ygeiopolis.test,2102000104,2018-09-05,NURSE
105,20000000105,Ιωάννα,Κωνσταντίνου,24,nurse105@ygeiopolis.test,2102000105,2019-10-06,NURSE
106,20000000106,Αλέξανδρος,Αθανασίου,25,nurse106@ygeiopolis.test,2102000106,2020-11-07,NURSE
107,20000000107,Κατερίνα,Παναγιώτου,26,nurse107@ygeiopolis.test,2102000107,2021-12-08,NURSE
108,20000000108,Γιώργος,Αλεξίου,27,nurse108@ygeiopolis.test,2102000108,2022-01-09,NURSE
109,20000000109,Μαρία,Μαρίνου,28,nurse109@ygeiopolis.test,2102000109,2023-02-10,NURSE
110,20000000110,Νίκος,Παπαδόπουλος,29,nurse110@ygeiopolis.test,2102000110,2014-03-11,NURSE
111,20000000111,Ελένη,Γεωργίου,30,nurse111@ygeiopolis.test,2102000111,2015-04-12,NURSE
112,20000000112,Κώστας,Νικολάου,31,nurse112@ygeiopolis.test,2102000112,2016-05-13,NURSE
113,20000000113,Άννα,Ιωάννου,32,nurse113@ygeiopolis.test,2102000113,2017-06-14,NURSE
114,20000000114,Πέτρος,Δημητρίου,33,nurse114@ygeiopolis.test,2102000114,2018-07-15,NURSE
115,20000000115,Σοφία,Κωνσταντίνου,34,nurse115@ygeiopolis.test,2102000115,2019-08-16,NURSE
116,20000000116,Δημήτρης,Αθανασίου,35,nurse116@ygeiopolis.test,2102000116,2020-09-17,NURSE
117,20000000117,Ιωάννα,Παναγιώτου,36,nurse117@ygeiopolis.test,2102000117,2021-10-18,NURSE
118,20000000118,Αλέξανδρος,Αλεξίου,37,nurse118@ygeiopolis.test,2102000118,2022-11-19,NURSE
119,20000000119,Κατερίνα,Μαρίνου,38,nurse119@ygeiopolis.test,2102000119,2023-12-20,NURSE
120,20000000120,Γιώργος,Παπαδόπουλος,39,nurse120@ygeiopolis.test,2102000120,2014-01-01,NURSE
121,20000000121,Μαρία,Γεωργίου,40,nurse121@ygeiopolis.test,2102000121,2015-02-02,NURSE
122,20000000122,Νίκος,Νικολάου,41,nurse122@ygeiopolis.test,2102000122,2016-03-03,NURSE
123,20000000123,Ελένη,Ιωάννου,42,nurse123@ygeiopolis.test,2102000123,2017-04-04,NURSE
124,20000000124,Κώστας,Δημητρίου,43,nurse124@ygeiopolis.test,2102000124,2018-05-05,NURSE
125,20000000125,Άννα,Κωνσταντίνου,44,nurse125@ygeiopolis.test,2102000125,2019-06-06,NURSE
126,20000000126,Πέτρος,Αθανασίου,45,nurse126@ygeiopolis.test,2102000126,2020-07-07,NURSE
127,20000000127,Σοφία,Παναγιώτου,46,nurse127@ygeiopolis.test,2102000127,2021-08-08,NURSE
128,20000000128,Δημήτρης,Αλεξίου,47,nurse128@ygeiopolis.test,2102000128,2022-09-09,NURSE
129,20000000129,Ιωάννα,Μαρίνου,48,nurse129@ygeiopolis.test,2102000129,2023-10-10,NURSE
130,20000000130,Αλέξανδρος,Παπαδόπουλος,49,nurse130@ygeiopolis.test,2102000130,2014-11-11,NURSE
131,20000000131,Κατερίνα,Γεωργίου,50,nurse131@ygeiopolis.test,2102000131,2015-12-12,NURSE
132,20000000132,Γιώργος,Νικολάου,51,nurse132@ygeiopolis.test,2102000132,2016-01-13,NURSE
133,20000000133,Μαρία,Ιωάννου,52,nurse133@ygeiopolis.test,2102000133,2017-02-14,NURSE
134,20000000134,Νίκος,Δημητρίου,53,nurse134@ygeiopolis.test,2102000134,2018-03-15,NURSE
135,20000000135,Ελένη,Κωνσταντίνου,54,nurse135@ygeiopolis.test,2102000135,2019-04-16,NURSE
136,20000000136,Κώστας,Αθανασίου,55,nurse136@ygeiopolis.test,2102000136,2020-05-17,NURSE
137,20000000137,Άννα,Παναγιώτου,56,nurse137@ygeiopolis.test,2102000137,2021-06-18,NURSE
138,20000000138,Πέτρος,Αλεξίου,57,nurse138@ygeiopolis.test,2102000138,2022-07-19,NURSE
139,20000000139,Σοφία,Μαρίνου,58,nurse139@ygeiopolis.test,2102000139,2023-08-20,NURSE
140,20000000140,Δημήτρης,Παπαδόπουλος,24,nurse140@ygeiopolis.test,2102000140,2014-09-01,NURSE
141,20000000141,Ιωάννα,Γεωργίου,25,nurse141@ygeiopolis.test,2102000141,2015-10-02,NURSE
142,20000000142,Αλέξανδρος,Νικολάου,26,nurse142@ygeiopolis.test,2102000142,2016-11-03,NURSE
143,20000000143,Κατερίνα,Ιωάννου,27,nurse143@ygeiopolis.test,2102000143,2017-12-04,NURSE
144,20000000144,Γιώργος,Δημητρίου,28,nurse144@ygeiopolis.test,2102000144,2018-01-05,NURSE
145,20000000145,Μαρία,Κωνσταντίνου,29,nurse145@ygeiopolis.test,2102000145,2019-02-06,NURSE
146,20000000146,Νίκος,Αθανασίου,30,nurse146@ygeiopolis.test,2102000146,2020-03-07,NURSE
147,20000000147,Ελένη,Παναγιώτου,31,nurse147@ygeiopolis.test,2102000147,2021-04-08,NURSE
148,20000000148,Κώστας,Αλεξίου,32,nurse148@ygeiopolis.test,2102000148,2022-05-09,NURSE
149,20000000149,Άννα,Μαρίνου,33,nurse149@ygeiopolis.test,2102000149,2023-06-10,NURSE
150,20000000150,Πέτρος,Παπαδόπουλος,34,nurse150@ygeiopolis.test,2102000150,2014-07-11,NURSE
151,20000000151,Σοφία,Γεωργίου,35,nurse151@ygeiopolis.test,2102000151,2015-08-12,NURSE
152,20000000152,Δημήτρης,Νικολάου,36,nurse152@ygeiopolis.test,2102000152,2016-09-13,NURSE
153,20000000153,Ιωάννα,Ιωάννου,37,nurse153@ygeiopolis.test,2102000153,2017-10-14,NURSE
154,20000000154,Αλέξανδρος,Δημητρίου,38,nurse154@ygeiopolis.test,2102000154,2018-11-15,NURSE
155,20000000155,Κατερίνα,Κωνσταντίνου,39,nurse155@ygeiopolis.test,2102000155,2019-12-16,NURSE
156,20000000156,Γιώργος,Αθανασίου,40,nurse156@ygeiopolis.test,2102000156,2020-01-17,NURSE
157,20000000157,Μαρία,Παναγιώτου,41,nurse157@ygeiopolis.test,2102000157,2021-02-18,NURSE
158,20000000158,Νίκος,Αλεξίου,42,nurse158@ygeiopolis.test,2102000158,2022-03-19,NURSE
159,20000000159,Ελένη,Μαρίνου,43,nurse159@ygeiopolis.test,2102000159,2023-04-20,NURSE
160,20000000160,Κώστας,Παπαδόπουλος,44,nurse160@ygeiopolis.test,2102000160,2014-05-01,NURSE
161,20000000161,Άννα,Γεωργίου,45,nurse161@ygeiopolis.test,2102000161,2015-06-02,NURSE
162,20000000162,Πέτρος,Νικολάου,46,nurse162@ygeiopolis.test,2102000162,2016-07-03,NURSE
163,20000000163,Σοφία,Ιωάννου,47,nurse163@ygeiopolis.test,2102000163,2017-08-04,NURSE
164,20000000164,Δημήτρης,Δημητρίου,48,nurse164@ygeiopolis.test,2102000164,2018-09-05,NURSE
165,20000000165,Ιωάννα,Κωνσταντίνου,49,nurse165@ygeiopolis.test,2102000165,2019-10-06,NURSE
166,20000000166,Αλέξανδρος,Αθανασίου,50,nurse166@ygeiopolis.test,2102000166,2020-11-07,NURSE
167,20000000167,Κατερίνα,Παναγιώτου,51,nurse167@ygeiopolis.test,2102000167,2021-12-08,NURSE
168,20000000168,Γιώργος,Αλεξίου,52,nurse168@ygeiopolis.test,2102000168,2022-01-09,NURSE
169,20000000169,Μαρία,Μαρίνου,53,nurse169@ygeiopolis.test,2102000169,2023-02-10,NURSE
170,20000000170,Νίκος,Παπαδόπουλος,54,nurse170@ygeiopolis.test,2102000170,2014-03-11,NURSE
171,20000000171,Ελένη,Γεωργίου,55,nurse171@ygeiopolis.test,2102000171,2015-04-12,NURSE
172,20000000172,Κώστας,Νικολάου,56,nurse172@ygeiopolis.test,2102000172,2016-05-13,NURSE
173,20000000173,Άννα,Ιωάννου,57,nurse173@ygeiopolis.test,2102000173,2017-06-14,NURSE
174,20000000174,Πέτρος,Δημητρίου,58,nurse174@ygeiopolis.test,2102000174,2018-07-15,NURSE
175,20000000175,Σοφία,Κωνσταντίνου,24,nurse175@ygeiopolis.test,2102000175,2019-08-16,NURSE
176,20000000176,Δημήτρης,Αθανασίου,25,nurse176@ygeiopolis.test,2102000176,2020-09-17,NURSE
177,20000000177,Ιωάννα,Παναγιώτου,26,nurse177@ygeiopolis.test,2102000177,2021-10-18,NURSE
178,20000000178,Αλέξανδρος,Αλεξίου,27,nurse178@ygeiopolis.test,2102000178,2022-11-19,NURSE
179,20000000179,Κατερίνα,Μαρίνου,28,nurse179@ygeiopolis.test,2102000179,2023-12-20,NURSE
180,20000000180,Γιώργος,Παπαδόπουλος,29,nurse180@ygeiopolis.test,2102000180,2014-01-01,NURSE
181,20000000181,Μαρία,Γεωργίου,30,nurse181@ygeiopolis.test,2102000181,2015-02-02,NURSE
182,20000000182,Νίκος,Νικολάου,31,nurse182@ygeiopolis.test,2102000182,2016-03-03,NURSE
183,20000000183,Ελένη,Ιωάννου,32,nurse183@ygeiopolis.test,2102000183,2017-04-04,NURSE
184,20000000184,Κώστας,Δημητρίου,33,nurse184@ygeiopolis.test,2102000184,2018-05-05,NURSE
185,20000000185,Άννα,Κωνσταντίνου,34,nurse185@ygeiopolis.test,2102000185,2019-06-06,NURSE
186,20000000186,Πέτρος,Αθανασίου,35,nurse186@ygeiopolis.test,2102000186,2020-07-07,NURSE
187,20000000187,Σοφία,Παναγιώτου,36,nurse187@ygeiopolis.test,2102000187,2021-08-08,NURSE
188,20000000188,Δημήτρης,Αλεξίου,37,nurse188@ygeiopolis.test,2102000188,2022-09-09,NURSE
189,20000000189,Ιωάννα,Μαρίνου,38,nurse189@ygeiopolis.test,2102000189,2023-10-10,NURSE
190,20000000190,Αλέξανδρος,Παπαδόπουλος,39,nurse190@ygeiopolis.test,2102000190,2014-11-11,NURSE
191,20000000191,Κατερίνα,Γεωργίου,40,nurse191@ygeiopolis.test,2102000191,2015-12-12,NURSE
192,20000000192,Γιώργος,Νικολάου,41,nurse192@ygeiopolis.test,2102000192,2016-01-13,NURSE
193,20000000193,Μαρία,Ιωάννου,42,nurse193@ygeiopolis.test,2102000193,2017-02-14,NURSE
194,20000000194,Νίκος,Δημητρίου,43,nurse194@ygeiopolis.test,2102000194,2018-03-15,NURSE
195,20000000195,Ελένη,Κωνσταντίνου,44,nurse195@ygeiopolis.test,2102000195,2019-04-16,NURSE
196,20000000196,Κώστας,Αθανασίου,45,nurse196@ygeiopolis.test,2102000196,2020-05-17,NURSE
197,20000000197,Άννα,Παναγιώτου,46,nurse197@ygeiopolis.test,2102000197,2021-06-18,NURSE
198,20000000198,Πέτρος,Αλεξίου,47,nurse198@ygeiopolis.test,2102000198,2022-07-19,NURSE
199,20000000199,Σοφία,Μαρίνου,48,nurse199@ygeiopolis.test,2102000199,2023-08-20,NURSE
200,20000000200,Δημήτρης,Παπαδόπουλος,49,nurse200@ygeiopolis.test,2102000200,2014-09-01,NURSE
201,20000000201,Ιωάννα,Γεωργίου,50,nurse201@ygeiopolis.test,2102000201,2015-10-02,NURSE
202,20000000202,Αλέξανδρος,Νικολάου,51,nurse202@ygeiopolis.test,2102000202,2016-11-03,NURSE
203,20000000203,Κατερίνα,Ιωάννου,52,nurse203@ygeiopolis.test,2102000203,2017-12-04,NURSE
204,20000000204,Γιώργος,Δημητρίου,53,nurse204@ygeiopolis.test,2102000204,2018-01-05,NURSE
205,20000000205,Μαρία,Κωνσταντίνου,54,nurse205@ygeiopolis.test,2102000205,2019-02-06,NURSE
206,20000000206,Νίκος,Αθανασίου,55,nurse206@ygeiopolis.test,2102000206,2020-03-07,NURSE
207,20000000207,Ελένη,Παναγιώτου,56,nurse207@ygeiopolis.test,2102000207,2021-04-08,NURSE
208,20000000208,Κώστας,Αλεξίου,57,nurse208@ygeiopolis.test,2102000208,2022-05-09,NURSE
209,20000000209,Άννα,Μαρίνου,58,nurse209@ygeiopolis.test,2102000209,2023-06-10,NURSE
210,20000000210,Πέτρος,Παπαδόπουλος,24,nurse210@ygeiopolis.test,2102000210,2014-07-11,NURSE
211,20000000211,Σοφία,Γεωργίου,25,nurse211@ygeiopolis.test,2102000211,2015-08-12,NURSE
212,20000000212,Δημήτρης,Νικολάου,26,nurse212@ygeiopolis.test,2102000212,2016-09-13,NURSE
213,20000000213,Ιωάννα,Ιωάννου,27,nurse213@ygeiopolis.test,2102000213,2017-10-14,NURSE
214,20000000214,Αλέξανδρος,Δημητρίου,28,nurse214@ygeiopolis.test,2102000214,2018-11-15,NURSE
215,20000000215,Κατερίνα,Κωνσταντίνου,29,nurse215@ygeiopolis.test,2102000215,2019-12-16,NURSE
216,20000000216,Γιώργος,Αθανασίου,30,nurse216@ygeiopolis.test,2102000216,2020-01-17,NURSE
217,20000000217,Μαρία,Παναγιώτου,31,nurse217@ygeiopolis.test,2102000217,2021-02-18,NURSE
218,20000000218,Νίκος,Αλεξίου,32,nurse218@ygeiopolis.test,2102000218,2022-03-19,NURSE
219,20000000219,Ελένη,Μαρίνου,33,nurse219@ygeiopolis.test,2102000219,2023-04-20,NURSE
220,20000000220,Κώστας,Παπαδόπουλος,34,nurse220@ygeiopolis.test,2102000220,2014-05-01,NURSE
221,20000000221,Άννα,Γεωργίου,35,nurse221@ygeiopolis.test,2102000221,2015-06-02,NURSE
222,20000000222,Πέτρος,Νικολάου,36,nurse222@ygeiopolis.test,2102000222,2016-07-03,NURSE
223,20000000223,Σοφία,Ιωάννου,37,nurse223@ygeiopolis.test,2102000223,2017-08-04,NURSE
224,20000000224,Δημήτρης,Δημητρίου,38,nurse224@ygeiopolis.test,2102000224,2018-09-05,NURSE
225,20000000225,Ιωάννα,Κωνσταντίνου,39,nurse225@ygeiopolis.test,2102000225,2019-10-06,NURSE
226,20000000226,Αλέξανδρος,Αθανασίου,40,nurse226@ygeiopolis.test,2102000226,2020-11-07,NURSE
227,20000000227,Κατερίνα,Παναγιώτου,41,nurse227@ygeiopolis.test,2102000227,2021-12-08,NURSE
228,20000000228,Γιώργος,Αλεξίου,42,nurse228@ygeiopolis.test,2102000228,2022-01-09,NURSE
229,20000000229,Μαρία,Μαρίνου,43,nurse229@ygeiopolis.test,2102000229,2023-02-10,NURSE
230,20000000230,Νίκος,Παπαδόπουλος,44,nurse230@ygeiopolis.test,2102000230,2014-03-11,NURSE
231,20000000231,Ελένη,Γεωργίου,45,nurse231@ygeiopolis.test,2102000231,2015-04-12,NURSE
232,20000000232,Κώστας,Νικολάου,46,nurse232@ygeiopolis.test,2102000232,2016-05-13,NURSE
233,20000000233,Άννα,Ιωάννου,47,nurse233@ygeiopolis.test,2102000233,2017-06-14,NURSE
234,20000000234,Πέτρος,Δημητρίου,48,nurse234@ygeiopolis.test,2102000234,2018-07-15,NURSE
235,20000000235,Σοφία,Κωνσταντίνου,49,nurse235@ygeiopolis.test,2102000235,2019-08-16,NURSE
236,20000000236,Δημήτρης,Αθανασίου,50,nurse236@ygeiopolis.test,2102000236,2020-09-17,NURSE
237,20000000237,Ιωάννα,Παναγιώτου,51,nurse237@ygeiopolis.test,2102000237,2021-10-18,NURSE
238,20000000238,Αλέξανδρος,Αλεξίου,52,nurse238@ygeiopolis.test,2102000238,2022-11-19,NURSE
239,20000000239,Κατερίνα,Μαρίνου,53,nurse239@ygeiopolis.test,2102000239,2023-12-20,NURSE
240,20000000240,Γιώργος,Παπαδόπουλος,54,nurse240@ygeiopolis.test,2102000240,2014-01-01,NURSE
241,20000000241,Μαρία,Γεωργίου,55,nurse241@ygeiopolis.test,2102000241,2015-02-02,NURSE
242,20000000242,Νίκος,Νικολάου,56,nurse242@ygeiopolis.test,2102000242,2016-03-03,NURSE
243,20000000243,Ελένη,Ιωάννου,57,nurse243@ygeiopolis.test,2102000243,2017-04-04,NURSE
244,20000000244,Κώστας,Δημητρίου,58,nurse244@ygeiopolis.test,2102000244,2018-05-05,NURSE
245,20000000245,Άννα,Κωνσταντίνου,24,nurse245@ygeiopolis.test,2102000245,2019-06-06,NURSE
246,20000000246,Πέτρος,Αθανασίου,25,nurse246@ygeiopolis.test,2102000246,2020-07-07,NURSE
247,20000000247,Σοφία,Παναγιώτου,26,nurse247@ygeiopolis.test,2102000247,2021-08-08,NURSE
248,20000000248,Δημήτρης,Αλεξίου,27,nurse248@ygeiopolis.test,2102000248,2022-09-09,NURSE
249,20000000249,Ιωάννα,Μαρίνου,28,nurse249@ygeiopolis.test,2102000249,2023-10-10,NURSE
250,20000000250,Αλέξανδρος,Παπαδόπουλος,29,nurse250@ygeiopolis.test,2102000250,2014-11-11,NURSE
251,20000000251,Κατερίνα,Γεωργίου,30,nurse251@ygeiopolis.test,2102000251,2015-12-12,NURSE
252,20000000252,Γιώργος,Νικολάου,31,nurse252@ygeiopolis.test,2102000252,2016-01-13,NURSE
253,20000000253,Μαρία,Ιωάννου,32,nurse253@ygeiopolis.test,2102000253,2017-02-14,NURSE
254,20000000254,Νίκος,Δημητρίου,33,nurse254@ygeiopolis.test,2102000254,2018-03-15,NURSE
255,20000000255,Ελένη,Κωνσταντίνου,34,nurse255@ygeiopolis.test,2102000255,2019-04-16,NURSE
256,20000000256,Κώστας,Αθανασίου,35,nurse256@ygeiopolis.test,2102000256,2020-05-17,NURSE
257,20000000257,Άννα,Παναγιώτου,36,nurse257@ygeiopolis.test,2102000257,2021-06-18,NURSE
258,20000000258,Πέτρος,Αλεξίου,37,nurse258@ygeiopolis.test,2102000258,2022-07-19,NURSE
259,20000000259,Σοφία,Μαρίνου,38,nurse259@ygeiopolis.test,2102000259,2023-08-20,NURSE
260,20000000260,Δημήτρης,Παπαδόπουλος,39,nurse260@ygeiopolis.test,2102000260,2014-09-01,NURSE
261,20000000261,Ιωάννα,Γεωργίου,40,nurse261@ygeiopolis.test,2102000261,2015-10-02,NURSE
262,20000000262,Αλέξανδρος,Νικολάου,41,nurse262@ygeiopolis.test,2102000262,2016-11-03,NURSE
263,20000000263,Κατερίνα,Ιωάννου,42,nurse263@ygeiopolis.test,2102000263,2017-12-04,NURSE
264,20000000264,Γιώργος,Δημητρίου,43,nurse264@ygeiopolis.test,2102000264,2018-01-05,NURSE
265,20000000265,Μαρία,Κωνσταντίνου,44,nurse265@ygeiopolis.test,2102000265,2019-02-06,NURSE
266,20000000266,Νίκος,Αθανασίου,45,nurse266@ygeiopolis.test,2102000266,2020-03-07,NURSE
267,20000000267,Ελένη,Παναγιώτου,46,nurse267@ygeiopolis.test,2102000267,2021-04-08,NURSE
268,20000000268,Κώστας,Αλεξίου,47,nurse268@ygeiopolis.test,2102000268,2022-05-09,NURSE
269,20000000269,Άννα,Μαρίνου,48,nurse269@ygeiopolis.test,2102000269,2023-06-10,NURSE
270,20000000270,Πέτρος,Παπαδόπουλος,49,nurse270@ygeiopolis.test,2102000270,2014-07-11,NURSE
271,20000000271,Σοφία,Γεωργίου,50,nurse271@ygeiopolis.test,2102000271,2015-08-12,NURSE
272,20000000272,Δημήτρης,Νικολάου,51,nurse272@ygeiopolis.test,2102000272,2016-09-13,NURSE
273,20000000273,Ιωάννα,Ιωάννου,52,nurse273@ygeiopolis.test,2102000273,2017-10-14,NURSE
274,20000000274,Αλέξανδρος,Δημητρίου,53,nurse274@ygeiopolis.test,2102000274,2018-11-15,NURSE
275,20000000275,Κατερίνα,Κωνσταντίνου,54,nurse275@ygeiopolis.test,2102000275,2019-12-16,NURSE
276,30000000276,Γιώργος,Αθανασίου,56,admin276@ygeiopolis.test,2103000276,2014-01-17,ADMIN
277,30000000277,Μαρία,Παναγιώτου,57,admin277@ygeiopolis.test,2103000277,2015-02-18,ADMIN
278,30000000278,Νίκος,Αλεξίου,58,admin278@ygeiopolis.test,2103000278,2016-03-19,ADMIN
279,30000000279,Ελένη,Μαρίνου,59,admin279@ygeiopolis.test,2103000279,2017-04-20,ADMIN
280,30000000280,Κώστας,Παπαδόπουλος,25,admin280@ygeiopolis.test,2103000280,2018-05-01,ADMIN
281,30000000281,Άννα,Γεωργίου,26,admin281@ygeiopolis.test,2103000281,2019-06-02,ADMIN
282,30000000282,Πέτρος,Νικολάου,27,admin282@ygeiopolis.test,2103000282,2020-07-03,ADMIN
283,30000000283,Σοφία,Ιωάννου,28,admin283@ygeiopolis.test,2103000283,2021-08-04,ADMIN
284,30000000284,Δημήτρης,Δημητρίου,29,admin284@ygeiopolis.test,2103000284,2022-09-05,ADMIN
285,30000000285,Ιωάννα,Κωνσταντίνου,30,admin285@ygeiopolis.test,2103000285,2023-10-06,ADMIN
286,30000000286,Αλέξανδρος,Αθανασίου,31,admin286@ygeiopolis.test,2103000286,2013-11-07,ADMIN
287,30000000287,Κατερίνα,Παναγιώτου,32,admin287@ygeiopolis.test,2103000287,2014-12-08,ADMIN
288,30000000288,Γιώργος,Αλεξίου,33,admin288@ygeiopolis.test,2103000288,2015-01-09,ADMIN
289,30000000289,Μαρία,Μαρίνου,34,admin289@ygeiopolis.test,2103000289,2016-02-10,ADMIN
290,30000000290,Νίκος,Παπαδόπουλος,35,admin290@ygeiopolis.test,2103000290,2017-03-11,ADMIN
291,30000000291,Ελένη,Γεωργίου,36,admin291@ygeiopolis.test,2103000291,2018-04-12,ADMIN
292,30000000292,Κώστας,Νικολάου,37,admin292@ygeiopolis.test,2103000292,2019-05-13,ADMIN
293,30000000293,Άννα,Ιωάννου,38,admin293@ygeiopolis.test,2103000293,2020-06-14,ADMIN
294,30000000294,Πέτρος,Δημητρίου,39,admin294@ygeiopolis.test,2103000294,2021-07-15,ADMIN
295,30000000295,Σοφία,Κωνσταντίνου,40,admin295@ygeiopolis.test,2103000295,2022-08-16,ADMIN
296,30000000296,Δημήτρης,Αθανασίου,41,admin296@ygeiopolis.test,2103000296,2023-09-17,ADMIN
297,30000000297,Ιωάννα,Παναγιώτου,42,admin297@ygeiopolis.test,2103000297,2013-10-18,ADMIN
298,30000000298,Αλέξανδρος,Αλεξίου,43,admin298@ygeiopolis.test,2103000298,2014-11-19,ADMIN
299,30000000299,Κατερίνα,Μαρίνου,44,admin299@ygeiopolis.test,2103000299,2015-12-20,ADMIN
300,30000000300,Γιώργος,Παπαδόπουλος,45,admin300@ygeiopolis.test,2103000300,2016-01-01,ADMIN
301,30000000301,Μαρία,Γεωργίου,46,admin301@ygeiopolis.test,2103000301,2017-02-02,ADMIN
302,30000000302,Νίκος,Νικολάου,47,admin302@ygeiopolis.test,2103000302,2018-03-03,ADMIN
303,30000000303,Ελένη,Ιωάννου,48,admin303@ygeiopolis.test,2103000303,2019-04-04,ADMIN
304,30000000304,Κώστας,Δημητρίου,49,admin304@ygeiopolis.test,2103000304,2020-05-05,ADMIN
305,30000000305,Άννα,Κωνσταντίνου,50,admin305@ygeiopolis.test,2103000305,2021-06-06,ADMIN
306,30000000306,Πέτρος,Αθανασίου,51,admin306@ygeiopolis.test,2103000306,2022-07-07,ADMIN
307,30000000307,Σοφία,Παναγιώτου,52,admin307@ygeiopolis.test,2103000307,2023-08-08,ADMIN
308,30000000308,Δημήτρης,Αλεξίου,53,admin308@ygeiopolis.test,2103000308,2013-09-09,ADMIN
309,30000000309,Ιωάννα,Μαρίνου,54,admin309@ygeiopolis.test,2103000309,2014-10-10,ADMIN
310,30000000310,Αλέξανδρος,Παπαδόπουλος,55,admin310@ygeiopolis.test,2103000310,2015-11-11,ADMIN
311,30000000311,Κατερίνα,Γεωργίου,56,admin311@ygeiopolis.test,2103000311,2016-12-12,ADMIN
312,30000000312,Γιώργος,Νικολάου,57,admin312@ygeiopolis.test,2103000312,2017-01-13,ADMIN
313,30000000313,Μαρία,Ιωάννου,58,admin313@ygeiopolis.test,2103000313,2018-02-14,ADMIN
314,30000000314,Νίκος,Δημητρίου,59,admin314@ygeiopolis.test,2103000314,2019-03-15,ADMIN
315,30000000315,Ελένη,Κωνσταντίνου,25,admin315@ygeiopolis.test,2103000315,2020-04-16,ADMIN
316,30000000316,Κώστας,Αθανασίου,26,admin316@ygeiopolis.test,2103000316,2021-05-17,ADMIN
317,30000000317,Άννα,Παναγιώτου,27,admin317@ygeiopolis.test,2103000317,2022-06-18,ADMIN
318,30000000318,Πέτρος,Αλεξίου,28,admin318@ygeiopolis.test,2103000318,2023-07-19,ADMIN
319,30000000319,Σοφία,Μαρίνου,29,admin319@ygeiopolis.test,2103000319,2013-08-20,ADMIN
320,30000000320,Δημήτρης,Παπαδόπουλος,30,admin320@ygeiopolis.test,2103000320,2014-09-01,ADMIN
321,30000000321,Ιωάννα,Γεωργίου,31,admin321@ygeiopolis.test,2103000321,2015-10-02,ADMIN
322,30000000322,Αλέξανδρος,Νικολάου,32,admin322@ygeiopolis.test,2103000322,2016-11-03,ADMIN
323,30000000323,Κατερίνα,Ιωάννου,33,admin323@ygeiopolis.test,2103000323,2017-12-04,ADMIN
324,30000000324,Γιώργος,Δημητρίου,34,admin324@ygeiopolis.test,2103000324,2018-01-05,ADMIN
325,30000000325,Μαρία,Κωνσταντίνου,35,admin325@ygeiopolis.test,2103000325,2019-02-06,ADMIN
326,30000000326,Νίκος,Αθανασίου,36,admin326@ygeiopolis.test,2103000326,2020-03-07,ADMIN
327,30000000327,Ελένη,Παναγιώτου,37,admin327@ygeiopolis.test,2103000327,2021-04-08,ADMIN
328,30000000328,Κώστας,Αλεξίου,38,admin328@ygeiopolis.test,2103000328,2022-05-09,ADMIN
329,30000000329,Άννα,Μαρίνου,39,admin329@ygeiopolis.test,2103000329,2023-06-10,ADMIN
330,30000000330,Πέτρος,Παπαδόπουλος,40,admin330@ygeiopolis.test,2103000330,2013-07-11,ADMIN
331,30000000331,Σοφία,Γεωργίου,41,admin331@ygeiopolis.test,2103000331,2014-08-12,ADMIN
332,30000000332,Δημήτρης,Νικολάου,42,admin332@ygeiopolis.test,2103000332,2015-09-13,ADMIN
333,30000000333,Ιωάννα,Ιωάννου,43,admin333@ygeiopolis.test,2103000333,2016-10-14,ADMIN
334,30000000334,Αλέξανδρος,Δημητρίου,44,admin334@ygeiopolis.test,2103000334,2017-11-15,ADMIN
335,30000000335,Κατερίνα,Κωνσταντίνου,45,admin335@ygeiopolis.test,2103000335,2018-12-16,ADMIN
